Workbook

Sheet Student Records
A1: STUDENT ID | B1: NAME | C1: DEPT | D1: MATHS | E1: ENGLISH | F1: PHY | G1: BIO | H1: CHE | I1: AGRIC | J1: GEO | K1: TOTAL | L1: TOTAL AVERAGE | M1: RANK | N1: GRADE
A2: IKT34 | B2: Adeola Musa | C2: Computer Science | D2: 78 | E2: 65 | F2: 44 | G2: 74 | H2: 69 | I2: 55 | J2: 60 | K2: =SUM(D2:J2) -> 445 | L2: =AVERAGE(D2:J2) -> 63.571429 | M2: =RANK(L2,$L$2:$L$31,0) -> 24 | N2: =IF(L2>=79,"A",IF(L2>=69,"B",IF(L2>=59,"C",IF(L2>=49,"D",IF(L2>=39,"E"))))) -> C
A3: IKT02 | B3: Tunde Balogun | C3: Accounting | D3: 55 | E3: 60 | F3: 48 | G3: 52 | H3: 72 | I3: 67 | J3: 58 | K3: =SUM(D3:J3) -> 412 | L3: =AVERAGE(D3:J3) -> 58.857143 | M3: =RANK(L3,$L$2:$L$31,0) -> 30 | N3: =IF(L3>=79,"A",IF(L3>=69,"B",IF(L3>=59,"C",IF(L3>=49,"D",IF(L3>=39,"E"))))) -> D
A4: IKT89 | B4: Chioma Okeke | C4: Biology | D4: 85 | E4: 79 | F4: 74 | G4: 88 | H4: 81 | I4: 70 | J4: 72 | K4: =SUM(D4:J4) -> 549 | L4: =AVERAGE(D4:J4) -> 78.428571 | M4: =RANK(L4,$L$2:$L$31,0) -> 1 | N4: =IF(L4>=79,"A",IF(L4>=69,"B",IF(L4>=59,"C",IF(L4>=49,"D",IF(L4>=39,"E"))))) -> B
A5: IKT11 | B5: Ibrahim Bello | C5: Engineering | D5: 90 | E5: 76 | F5: 88 | G5: 55 | H5: 84 | I5: 73 | J5: 75 | K5: =SUM(D5:J5) -> 541 | L5: =AVERAGE(D5:J5) -> 77.285714 | M5: =RANK(L5,$L$2:$L$31,0) -> 3 | N5: =IF(L5>=79,"A",IF(L5>=69,"B",IF(L5>=59,"C",IF(L5>=49,"D",IF(L5>=39,"E"))))) -> B
A6: IKT53 | B6: Ngozi Eze | C6: Economics | D6: 62 | E6: 70 | F6: 58 | G6: 60 | H6: 64 | I6: 66 | J6: 59 | K6: =SUM(D6:J6) -> 439 | L6: =AVERAGE(D6:J6) -> 62.714286 | M6: =RANK(L6,$L$2:$L$31,0) -> 26 | N6: =IF(L6>=79,"A",IF(L6>=69,"B",IF(L6>=59,"C",IF(L6>=49,"D",IF(L6>=39,"E"))))) -> C
A7: IKT27 | B7: Samuel Adeyemi | C7: Geography | D7: 71 | E7: 68 | F7: 72 | G7: 65 | H7: 60 | I7: 75 | J7: 44 | K7: =SUM(D7:J7) -> 455 | L7: =AVERAGE(D7:J7) -> 65 | M7: =RANK(L7,$L$2:$L$31,0) -> 23 | N7: =IF(L7>=79,"A",IF(L7>=69,"B",IF(L7>=59,"C",IF(L7>=49,"D",IF(L7>=39,"E"))))) -> C
A8: IKT75 | B8: Ruth Akinwale | C8: Microbiology | D8: 44 | E8: 74 | F8: 78 | G8: 82 | H8: 77 | I8: 69 | J8: 70 | K8: =SUM(D8:J8) -> 494 | L8: =AVERAGE(D8:J8) -> 70.571429 | M8: =RANK(L8,$L$2:$L$31,0) -> 13 | N8: =IF(L8>=79,"A",IF(L8>=69,"B",IF(L8>=59,"C",IF(L8>=49,"D",IF(L8>=39,"E"))))) -> B
A9: IKT20 | B9: Emeka Obi | C9: Physics | D9: 44 | E9: 66 | F9: 91 | G9: 73 | H9: 85 | I9: 60 | J9: 64 | K9: =SUM(D9:J9) -> 483 | L9: =AVERAGE(D9:J9) -> 69 | M9: =RANK(L9,$L$2:$L$31,0) -> 16 | N9: =IF(L9>=79,"A",IF(L9>=69,"B",IF(L9>=59,"C",IF(L9>=49,"D",IF(L9>=39,"E"))))) -> B
A10: IKT61 | B10: Zainab Sadiq | C10: Chemistry | D10: 73 | E10: 70 | F10: 75 | G10: 68 | H10: 80 | I10: 65 | J10: 69 | K10: =SUM(D10:J10) -> 500 | L10: =AVERAGE(D10:J10) -> 71.428571 | M10: =RANK(L10,$L$2:$L$31,0) -> 9 | N10: =IF(L10>=79,"A",IF(L10>=69,"B",IF(L10>=59,"C",IF(L10>=49,"D",IF(L10>=39,"E"))))) -> B
A11: IKT08 | B11: David Ojo | C11: Engineering | D11: 44 | E11: 77 | F11: 55 | G11: 79 | H11: 81 | I11: 72 | J11: 74 | K11: =SUM(D11:J11) -> 482 | L11: =AVERAGE(D11:J11) -> 68.857143 | M11: =RANK(L11,$L$2:$L$31,0) -> 17 | N11: =IF(L11>=79,"A",IF(L11>=69,"B",IF(L11>=59,"C",IF(L11>=49,"D",IF(L11>=39,"E"))))) -> C
A12: IKT44 | B12: Grace Nwosu | C12: Biology | D12: 56 | E12: 72 | F12: 65 | G12: 70 | H12: 68 | I12: 64 | J12: 66 | K12: =SUM(D12:J12) -> 461 | L12: =AVERAGE(D12:J12) -> 65.857143 | M12: =RANK(L12,$L$2:$L$31,0) -> 22 | N12: =IF(L12>=79,"A",IF(L12>=69,"B",IF(L12>=59,"C",IF(L12>=49,"D",IF(L12>=39,"E"))))) -> C
A13: IKT92 | B13: Kingsley Uche | C13: Computer Science | D13: 75 | E13: 71 | F13: 66 | G13: 74 | H13: 72 | I13: 69 | J13: 70 | K13: =SUM(D13:J13) -> 497 | L13: =AVERAGE(D13:J13) -> 71 | M13: =RANK(L13,$L$2:$L$31,0) -> 12 | N13: =IF(L13>=79,"A",IF(L13>=69,"B",IF(L13>=59,"C",IF(L13>=49,"D",IF(L13>=39,"E"))))) -> B
... A31: IKT01 | B31: Fatima Lawal | C31: Economics | D31: 72 | E31: 75 | F31: 70 | G31: 68 | H31: 73 | I31: 77 | J31: 69 | K31: =SUM(D31:J31) -> 504 | L31: =AVERAGE(D31:J31) -> 72 | M31: =RANK(L31,$L$2:$L$31,0) -> 7 | N31: =IF(L31>=79,"A",IF(L31>=69,"B",IF(L31>=59,"C",IF(L31>=49,"D",IF(L31>=39,"E"))))) -> B
M33: GRADE
A34: Grade A >= 79 | C34: Grade B >= 69 | E34: Grade C >= 59 | G34: Grade D >= 49 | I34: Grade F < 40 | M34: 80-100 | N34: A
M35: 65-79 | N35: B
M36: 55-64 | N36: C
M37: 45-54 | N37: D
M38: 39-44 | N38: E

Sheet Dashboard
A8: STUDENT PERFORMANCE DASHBOARD
A9: 30 Students · 7 Subjects · Academic Year Report
A10: RANK | B10: STUDENT ID | C10: NAME | D10: DEPT | E10: MATHS | F10: ENGLISH | G10: PHY | H10: BIO | I10: CHE | J10: AGRIC | K10: GEO | L10: TOTAL | M10: AVERAGE % | N10: GRADE
A11: =RANK(M11,$M$11:$M$40,0) -> 1 | B11: IKT89 | C11: Chioma Okeke | D11: Biology | E11: 85 | F11: 79 | G11: 74 | H11: 88 | I11: 81 | J11: 70 | K11: 72 | L11: =SUM(E11:K11) -> 549 | M11: =AVERAGE(E11:K11) -> 78.428571 | N11: =IF(M11>=79,"A",IF(M11>=69,"B",IF(M11>=59,"C",IF(M11>=49,"D",IF(M11>=39,"E"))))) -> B
A12: =RANK(M12,$M$11:$M$40,0) -> 2 | B12: IKT03 | C12: Chinedu Nnamdi | D12: Computer Science | E12: 82 | F12: 79 | G12: 84 | H12: 80 | I12: 78 | J12: 72 | K12: 73 | L12: =SUM(E12:K12) -> 548 | M12: =AVERAGE(E12:K12) -> 78.285714 | N12: =IF(M12>=79,"A",IF(M12>=69,"B",IF(M12>=59,"C",IF(M12>=49,"D",IF(M12>=39,"E"))))) -> B
A13: =RANK(M13,$M$11:$M$40,0) -> 3 | B13: IKT11 | C13: Ibrahim Bello | D13: Engineering | E13: 90 | F13: 76 | G13: 88 | H13: 55 | I13: 84 | J13: 73 | K13: 75 | L13: =SUM(E13:K13) -> 541 | M13: =AVERAGE(E13:K13) -> 77.285714 | N13: =IF(M13>=79,"A",IF(M13>=69,"B",IF(M13>=59,"C",IF(M13>=49,"D",IF(M13>=39,"E"))))) -> B
A14: =RANK(M14,$M$11:$M$40,0) -> 4 | B14: IKT77 | C14: Stephen Adeoye | D14: Physics | E14: 80 | F14: 74 | G14: 85 | H14: 78 | I14: 82 | J14: 69 | K14: 71 | L14: =SUM(E14:K14) -> 539 | M14: =AVERAGE(E14:K14) -> 77 | N14: =IF(M14>=79,"A",IF(M14>=69,"B",IF(M14>=59,"C",IF(M14>=49,"D",IF(M14>=39,"E"))))) -> B
A15: =RANK(M15,$M$11:$M$40,0) -> 5 | B15: IKT41 | C15: Paul Johnson | D15: Engineering | E15: 55 | F15: 80 | G15: 90 | H15: 78 | I15: 84 | J15: 76 | K15: 75 | L15: =SUM(E15:K15) -> 538 | M15: =AVERAGE(E15:K15) -> 76.857143 | N15: =IF(M15>=79,"A",IF(M15>=69,"B",IF(M15>=59,"C",IF(M15>=49,"D",IF(M15>=39,"E"))))) -> B
A16: =RANK(M16,$M$11:$M$40,0) -> 6 | B16: IKT21 | C16: Esther Okafor | D16: Biology | E16: 74 | F16: 76 | G16: 72 | H16: 78 | I16: 75 | J16: 68 | K16: 70 | L16: =SUM(E16:K16) -> 513 | M16: =AVERAGE(E16:K16) -> 73.285714 | N16: =IF(M16>=79,"A",IF(M16>=69,"B",IF(M16>=59,"C",IF(M16>=49,"D",IF(M16>=39,"E"))))) -> B
A17: =RANK(M17,$M$11:$M$40,0) -> 7 | B17: IKT01 | C17: Fatima Lawal | D17: Economics | E17: 72 | F17: 75 | G17: 70 | H17: 68 | I17: 73 | J17: 77 | K17: 69 | L17: =SUM(E17:K17) -> 504 | M17: =AVERAGE(E17:K17) -> 72 | N17: =IF(M17>=79,"A",IF(M17>=69,"B",IF(M17>=59,"C",IF(M17>=49,"D",IF(M17>=39,"E"))))) -> B
A18: =RANK(M18,$M$11:$M$40,0) -> 8 | B18: IKT83 | C18: Victor James | D18: Physics | E18: 77 | F18: 55 | G18: 85 | H18: 70 | I18: 80 | J18: 66 | K18: 68 | L18: =SUM(E18:K18) -> 501 | M18: =AVERAGE(E18:K18) -> 71.571429 | N18: =IF(M18>=79,"A",IF(M18>=69,"B",IF(M18>=59,"C",IF(M18>=49,"D",IF(M18>=39,"E"))))) -> B
A19: =RANK(M19,$M$11:$M$40,0) -> 9 | B19: IKT61 | C19: Zainab Sadiq | D19: Chemistry | E19: 73 | F19: 70 | G19: 75 | H19: 68 | I19: 80 | J19: 65 | K19: 69 | L19: =SUM(E19:K19) -> 500 | M19: =AVERAGE(E19:K19) -> 71.428571 | N19: =IF(M19>=79,"A",IF(M19>=69,"B",IF(M19>=59,"C",IF(M19>=49,"D",IF(M19>=39,"E"))))) -> B
A20: =RANK(M20,$M$11:$M$40,0) -> 9 | B20: IKT64 | C20: Adewale Yusuf | D20: Geography | E20: 69 | F20: 70 | G20: 68 | H20: 66 | I20: 72 | J20: 74 | K20: 81 | L20: =SUM(E20:K20) -> 500 | M20: =AVERAGE(E20:K20) -> 71.428571 | N20: =IF(M20>=79,"A",IF(M20>=69,"B",IF(M20>=59,"C",IF(M20>=49,"D",IF(M20>=39,"E"))))) -> B
A21: =RANK(M21,$M$11:$M$40,0) -> 11 | B21: IKT05 | C21: Joy Olatunji | D21: Microbiology | E21: 73 | F21: 75 | G21: 70 | H21: 76 | I21: 72 | J21: 65 | K21: 67 | L21: =SUM(E21:K21) -> 498 | M21: =AVERAGE(E21:K21) -> 71.142857 | N21: =IF(M21>=79,"A",IF(M21>=69,"B",IF(M21>=59,"C",IF(M21>=49,"D",IF(M21>=39,"E"))))) -> B
A22: =RANK(M22,$M$11:$M$40,0) -> 12 | B22: IKT92 | C22: Kingsley Uche | D22: Computer Science | E22: 75 | F22: 71 | G22: 66 | H22: 74 | I22: 72 | J22: 69 | K22: 70 | L22: =SUM(E22:K22) -> 497 | M22: =AVERAGE(E22:K22) -> 71 | N22: =IF(M22>=79,"A",IF(M22>=69,"B",IF(M22>=59,"C",IF(M22>=49,"D",IF(M22>=39,"E"))))) -> B
... A40: =RANK(M40,$M$11:$M$40,0) -> 30 | B40: IKT02 | C40: Tunde Balogun | D40: Accounting | E40: 55 | F40: 60 | G40: 48 | H40: 52 | I40: 72 | J40: 67 | K40: 58 | L40: =SUM(E40:K40) -> 412 | M40: =AVERAGE(E40:K40) -> 58.857143 | N40: =IF(M40>=79,"A",IF(M40>=69,"B",IF(M40>=59,"C",IF(M40>=49,"D",IF(M40>=39,"E"))))) -> D
C41: Class Average | E41: =AVERAGE(E11:E40) -> 66.433333 | F41: =AVERAGE(F11:F40) -> 71.4 | G41: =AVERAGE(G11:G40) -> 67.966667 | H41: =AVERAGE(H11:H40) -> 69 | I41: =AVERAGE(I11:I40) -> 71.4 | J41: =AVERAGE(J11:J40) -> 68.466667 | K41: =AVERAGE(K11:K40) -> 68.033333 | M41: =AVERAGE(M11:M40) -> 68.957143

Sheet Report Cards
B9: IOTB TECH ACADEMY - STUDENT REPORT CARD
B11: Student ID | C11: IKT01
B12: Name | C12: =VLOOKUP(C11,'Student Records'!A:B,2,FALSE) -> Fatima Lawal
B13: Department | C13: =VLOOKUP(C11,'Student Records'!A:C,3,FALSE) -> Economics
B16: Subject | C16: Score/100 | D16: Grade
B17: MATHS | C17: =VLOOKUP($C$11,'Student Records'!A:D,4,FALSE) -> 72 | D17: =IF(C17>=80,"A",IF(C17>=65,"B",IF(C17>=55,"C",IF(C17>=45,"D",IF(C17>=39,"E"))))) -> B
B18: ENGLISH | C18: =VLOOKUP($C$11,'Student Records'!A:E,5,FALSE) -> 75 | D18: =IF(C18>=80,"A",IF(C18>=65,"B",IF(C18>=55,"C",IF(C18>=45,"D",IF(C18>=39,"E"))))) -> B
B19: PHY | C19: =VLOOKUP($C$11,'Student Records'!A:F,6,FALSE) -> 70 | D19: =IF(C19>=80,"A",IF(C19>=65,"B",IF(C19>=55,"C",IF(C19>=45,"D",IF(C19>=39,"E"))))) -> B
B20: BIO | C20: =VLOOKUP($C$11,'Student Records'!A:G,7,FALSE) -> 68 | D20: =IF(C20>=80,"A",IF(C20>=65,"B",IF(C20>=55,"C",IF(C20>=45,"D",IF(C20>=39,"E"))))) -> B
B21: CHE | C21: =VLOOKUP($C$11,'Student Records'!A:H,8,FALSE) -> 73 | D21: =IF(C21>=80,"A",IF(C21>=65,"B",IF(C21>=55,"C",IF(C21>=45,"D",IF(C21>=39,"E"))))) -> B
B22: AGRIC | C22: =VLOOKUP($C$11,'Student Records'!A:I,9,FALSE) -> 77 | D22: =IF(C22>=80,"A",IF(C22>=65,"B",IF(C22>=55,"C",IF(C22>=45,"D",IF(C22>=39,"E"))))) -> B
B23: GEO | C23: =VLOOKUP($C$11,'Student Records'!A:J,10,FALSE) -> 69 | D23: =IF(C23>=80,"A",IF(C23>=65,"B",IF(C23>=55,"C",IF(C23>=45,"D",IF(C23>=39,"E"))))) -> B
B25: POSITION | C25: =_xlfn.XLOOKUP(C11,'Student Records'!A:A,'Student Records'!M:M,"None",0,1) -> 7 | E25: TOTAL STUDENTS | F25: =COUNTA('Student Records'!L2:L31) -> 30
B26: OVERALL GRADE | C26: =VLOOKUP('Report Cards'!C11,'Student Records'!A:N,14,FALSE) -> B | E26: TOTAL SUBJECTS | F26: =COUNTA('Student Records'!D1:J1) -> 7
E27: AVERAGE % | F27: =VLOOKUP(C11,'Student Records'!A:L,12,0) -> 72
B30: Approved: | C30: Management
